City_ID,City,Country,Date,Lat,Lng,Max Temp,Humidity,Cloudiness,Wind Speed
0,Cuajinicuilapa,MX,2022-05-08 22:47:49,16.4667,-98.4167,89.62,44,76,9.55
1,Dingle,PH,2022-05-08 22:47:49,10.9995,122.6711,81.37,79,95,10.22
2,Saint-Joseph,RE,2022-05-08 22:47:50,-21.3667,55.6167,70.18,81,16,8.1
3,Punta Arenas,CL,2022-05-08 22:44:46,-53.15,-70.9167,42.91,75,40,23.02
4,Cockburn Town,TC,2022-05-08 22:47:51,21.4612,-71.1419,82.36,74,40,5.75
5,Stromness,GB,2022-05-08 22:47:51,58.965,-3.296,49.96,87,100,11.01
6,Rikitea,PF,2022-05-08 22:47:52,-23.1203,-134.9692,76.42,77,71,18.86
7,Tawau,MY,2022-05-08 22:47:52,4.2498,117.8871,78.93,94,100,6.02
8,Saint-Philippe,RE,2022-05-08 22:47:53,-21.3585,55.7679,71.19,85,34,7.99
9,Thompson,CA,2022-05-08 22:47:54,55.7435,-97.8558,60.96,36,20,17.27
10,Castro,BR,2022-05-08 22:47:54,-24.7911,-50.0119,53.1,93,2,6.06
11,Mayo,US,2022-05-08 22:44:20,38.8876,-76.5119,57.61,52,100,6.91
12,Anage,BR,2022-05-08 22:47:55,-14.6122,-41.1356,69.89,76,100,2.3
13,Camacupa,AO,2022-05-08 22:47:55,-12.0167,17.4833,64.11,68,75,3.53
14,Westport,US,2022-05-08 22:47:56,41.1415,-73.3579,57.31,35,40,16.11
15,Mataura,NZ,2022-05-08 22:47:57,-46.1927,168.8643,53.47,91,99,1.48
16,Cabedelo,BR,2022-05-08 22:47:57,-6.9811,-34.8339,77.67,79,99,13.24
17,Peno,RU,2022-05-08 22:47:58,56.9262,32.7426,34.14,75,23,7.23
18,Bluff,NZ,2022-05-08 22:47:58,-46.6,168.3333,53.8,89,100,4.03
19,Altamont,US,2022-05-08 22:47:59,42.2068,-121.7372,40.77,63,75,13.8
20,Kaniama,CD,2022-05-08 22:47:59,-7.5667,24.1833,68.5,76,100,4.25
21,Krosno Odrzanskie,PL,2022-05-08 22:48:00,52.0549,15.0988,52.77,69,8,5.12
22,Sandy Bay,AU,2022-05-08 22:48:00,-42.913,147.3532,45.09,89,0,16.11
23,Ushuaia,AR,2022-05-08 22:48:00,-54.8,-68.3,44.26,65,40,12.66
24,Provideniya,RU,2022-05-08 22:48:01,64.3833,-173.3,33.15,95,78,11.36
25,Pereira Barreto,BR,2022-05-08 22:48:02,-20.6383,-51.1092,70.38,58,0,7.09
26,Airai,TL,2022-05-08 22:48:03,-8.9266,125.4092,61.74,82,42,4.68
27,Saint-Augustin,CA,2022-05-08 22:43:11,51.226,-58.6502,41.43,65,97,6.93
28,Atuona,PF,2022-05-08 22:48:03,-9.8,-139.0333,78.71,75,1,15.03
29,Rio Gallegos,AR,2022-05-08 22:48:04,-51.6226,-69.2181,42.85,75,0,13.8
30,Kapaa,US,2022-05-08 22:48:04,22.0752,-159.319,80.58,77,75,12.66
31,Port Alfred,ZA,2022-05-08 22:46:00,-33.5906,26.891,56.17,92,99,7.25
32,Le Port,RE,2022-05-08 22:48:05,-20.9373,55.2919,71.6,77,0,2.66
33,Hilo,US,2022-05-08 22:48:06,19.7297,-155.09,92.28,76,75,11.5
34,Nikolskoye,RU,2022-05-08 22:48:06,59.7035,30.7861,37.78,86,40,5.39
35,Alyangula,AU,2022-05-08 22:48:07,-13.8483,136.4192,80.47,89,100,4.61
36,Nelson Bay,AU,2022-05-08 22:48:07,-32.7167,152.15,57.11,78,0,1.99
37,Kamaishi,JP,2022-05-08 22:48:08,39.2667,141.8833,53.53,60,99,6.87
38,San Juan,AR,2022-05-08 22:45:30,-31.5375,-68.5364,69.24,40,100,14.29
39,Ponta Do Sol,PT,2022-05-08 22:48:09,32.6667,-17.1,63.23,65,69,6.76
40,Mar Del Plata,AR,2022-05-08 22:48:10,-38.0023,-57.5575,67.87,73,0,16.11
41,Morros,BR,2022-05-08 22:48:10,-9.4467,-46.3003,74.19,42,3,0.81
42,Qaanaaq,GL,2022-05-08 22:48:11,77.484,-69.3632,23.86,75,100,4.47
43,San Quintin,MX,2022-05-08 22:48:12,30.4833,-115.95,62.28,64,0,22.75
44,Albany,US,2022-05-08 22:48:12,42.6001,-73.9662,63.01,52,100,5.26
45,Tuktoyaktuk,CA,2022-05-08 22:48:13,69.4541,-133.0374,41.0,65,75,13.8
46,Birjand,IR,2022-05-08 22:48:13,32.8663,59.2211,61.27,67,20,13.8
47,Derzhavinsk,KZ,2022-05-08 22:48:14,51.1,66.3167,48.27,40,83,17.63
48,Puerto Ayora,EC,2022-05-08 22:49:14,-0.7393,-90.3518,78.76,80,50,8.48
49,Sinop,TR,2022-05-08 22:49:15,41.7711,34.8709,41.34,84,5,3.22
50,Fortuna,US,2022-05-08 22:49:15,40.5982,-124.1573,51.66,79,75,16.11
51,Yellowknife,CA,2022-05-08 22:49:16,62.456,-114.3525,25.32,86,100,28.77
52,Banda Aceh,ID,2022-05-08 22:49:17,5.5577,95.3222,80.19,79,97,6.73
53,Labuhan,ID,2022-05-08 22:49:17,-6.8844,112.2051,78.78,88,99,2.71
54,Bambous Virieux,MU,2022-05-08 22:49:18,-20.3428,57.7575,72.21,88,20,4.61
55,Hobart,AU,2022-05-08 22:45:54,-42.8794,147.3294,45.05,89,0,16.11
56,Mana,GF,2022-05-08 22:49:19,5.6592,-53.7767,77.56,87,44,8.43
57,Lavrentiya,RU,2022-05-08 22:49:20,65.5833,-171.0,33.66,91,100,6.08
58,Reutlingen,DE,2022-05-08 22:49:20,48.4914,9.2043,55.36,79,13,2.84
59,Arroyo,ES,2022-05-08 22:49:21,41.6096,-4.7969,57.07,66,0,9.22
60,Nadadores,MX,2022-05-08 22:49:22,27.05,-101.6,108.28,9,40,9.22
61,Busselton,AU,2022-05-08 22:49:22,-33.65,115.3333,55.26,84,1,2.82
62,East London,ZA,2022-05-08 22:49:00,-33.0153,27.9116,63.03,75,97,10.65
63,Gambela,ET,2022-05-08 22:49:23,8.25,34.5833,79.14,66,94,5.08
64,Fairbanks,US,2022-05-08 22:49:24,64.8378,-147.7164,46.09,52,75,10.36
65,Bredasdorp,ZA,2022-05-08 22:45:01,-34.5322,20.0403,54.93,83,100,4.25
66,Labis,MY,2022-05-08 22:49:24,2.385,103.021,76.69,94,99,3.0
67,Manjakandriana,MG,2022-05-08 22:49:25,-18.9167,47.8,62.29,96,12,0.07
68,Clyde River,CA,2022-05-08 22:49:25,70.4692,-68.5914,26.83,93,100,12.66
69,Turukhansk,RU,2022-05-08 22:49:26,65.8167,87.9833,11.77,95,51,3.13
70,Cherskiy,RU,2022-05-08 22:49:27,68.75,161.3,26.94,87,100,15.52
71,Kloulklubed,PW,2022-05-08 22:49:27,7.0419,134.2556,75.7,85,100,18.86
72,Erenhot,CN,2022-05-08 22:49:28,43.6475,111.9767,55.17,21,22,13.76
73,Aklavik,CA,2022-05-08 22:49:28,68.2191,-135.0107,44.06,66,25,7.65
74,Avarua,CK,2022-05-08 22:49:29,-21.2078,-159.775,87.85,74,40,6.91
75,Burnie,AU,2022-05-08 22:49:29,-41.0667,145.9167,52.95,71,65,2.57
76,Bathsheba,BB,2022-05-08 22:49:30,13.2167,-59.5167,81.21,78,20,16.11
77,Butaritari,KI,2022-05-08 22:49:30,3.0707,172.7902,82.09,77,14,19.42
78,Pafos,CY,2022-05-08 22:49:31,34.7667,32.4167,64.18,42,0,6.91
79,Grants,US,2022-05-08 22:49:32,35.1473,-107.8514,77.23,10,0,20.71
80,Carnarvon,AU,2022-05-08 22:49:32,-24.8667,113.6333,60.87,94,0,8.05
81,Saskylakh,RU,2022-05-08 22:49:33,71.9167,114.0833,9.91,94,93,13.33
82,Dakar,SN,2022-05-08 22:47:02,14.6937,-17.4441,70.68,94,40,4.61
83,Yatou,CN,2022-05-08 22:49:33,37.15,122.3833,51.84,75,68,7.25
84,Arraial Do Cabo,BR,2022-05-08 22:49:34,-22.9661,-42.0278,73.26,68,40,3.44
85,Khasan,RU,2022-05-08 22:49:35,42.4308,130.6434,52.9,44,5,7.83
86,Tuatapere,NZ,2022-05-08 22:45:51,-46.1333,167.6833,54.34,87,100,2.93
87,Bethel,US,2022-05-08 22:49:35,41.3712,-73.414,56.64,42,100,5.99
88,Ternate,ID,2022-05-08 22:49:36,0.8,127.4,82.24,80,99,3.58
89,Yulara,AU,2022-05-08 22:49:37,-25.2406,130.9889,48.04,46,100,6.91
90,Jamestown,US,2022-05-08 22:49:37,42.097,-79.2353,65.84,16,0,0.0
91,Vila,PT,2022-05-08 22:49:38,42.0304,-8.1588,58.08,64,50,2.86
92,Teknaf,BD,2022-05-08 22:49:38,20.8624,92.3058,78.58,88,100,7.07
93,Morondava,MG,2022-05-08 22:49:39,-20.2833,44.2833,73.42,86,0,8.46
94,Cap Malheureux,MU,2022-05-08 22:50:40,-19.9842,57.6142,72.46,80,2,1.99
95,Cape Town,ZA,2022-05-08 22:49:33,-33.9258,18.4232,56.91,86,0,1.14
96,Niquero,CU,2022-05-08 22:50:40,20.0431,-77.5828,81.36,73,0,9.71
97,Petropavlovsk-Kamchatskiy,RU,2022-05-08 22:50:41,53.0452,158.6483,37.99,100,100,11.18
98,Deputatskiy,RU,2022-05-08 22:50:42,69.3,139.9,17.71,94,100,4.38
99,Salalah,OM,2022-05-08 22:45:55,17.0151,54.0924,84.29,74,40,5.75
100,Sao Jose Da Coroa Grande,BR,2022-05-08 22:50:43,-8.8978,-35.1478,77.0,83,28,8.43
101,Maracaibo,VE,2022-05-08 22:47:19,10.6317,-71.6406,83.17,73,66,7.31
102,Tilichiki,RU,2022-05-08 22:50:43,60.4667,166.1,31.78,91,100,1.52
103,Tonj,SS,2022-05-08 22:50:44,7.2737,28.6822,74.77,79,99,5.61
104,Kanniyakumari,IN,2022-05-08 22:50:44,8.0833,77.5667,83.03,81,98,17.76
105,Abbeville,FR,2022-05-08 22:50:45,50.1,1.8333,49.5,88,20,5.48
106,Yar-Sale,RU,2022-05-08 22:50:46,66.8333,70.8333,35.51,100,100,10.51
107,Ancud,CL,2022-05-08 22:50:47,-41.8697,-73.8203,50.67,88,53,4.07
108,Upernavik,GL,2022-05-08 22:50:47,72.7868,-56.1549,13.64,84,53,5.28
109,Saint-Pierre,RE,2022-05-08 22:50:48,-21.3393,55.4781,71.28,68,0,5.75
110,Itaituba,BR,2022-05-08 22:50:48,-4.2761,-55.9836,74.8,98,67,1.74
111,Khatanga,RU,2022-05-08 22:50:49,71.9667,102.5,7.11,95,37,9.37
112,Cairo,EG,2022-05-08 22:48:31,30.0626,31.2497,72.36,32,0,12.66
113,Pailon,BO,2022-05-08 22:50:50,-17.65,-62.75,82.08,54,10,4.92
114,Norman Wells,CA,2022-05-08 22:50:50,65.282,-126.8329,46.44,42,75,5.75
115,Rio Das Ostras,BR,2022-05-08 22:50:51,-22.5269,-41.945,73.33,83,72,4.03
116,Pevek,RU,2022-05-08 22:50:51,69.7008,170.3133,23.25,83,100,9.75
117,Victoria,HK,2022-05-08 22:50:52,22.2855,114.1577,77.38,78,98,1.01
118,Katsuura,JP,2022-05-08 22:50:52,35.1333,140.3,59.02,72,100,12.62
119,Grindavik,IS,2022-05-08 22:50:53,63.8424,-22.4338,50.47,93,100,19.57
120,Hofn,IS,2022-05-08 22:50:54,64.2539,-15.2082,46.15,99,100,8.08
121,Erzin,TR,2022-05-08 22:50:54,36.9559,36.2,58.75,72,50,2.08
122,Sola,VU,2022-05-08 22:50:55,-13.8833,167.55,80.58,74,61,23.82
123,King City,US,2022-05-08 22:50:55,36.2127,-121.126,61.9,39,5,22.82
124,Abapo,BO,2022-05-08 22:50:56,-18.8333,-63.4667,70.86,56,24,8.7
125,Labytnangi,RU,2022-05-08 22:50:57,66.6572,66.4183,34.54,100,100,6.11
126,Ayagoz,KZ,2022-05-08 22:50:57,47.9714,80.4392,38.53,36,4,17.6
127,Natitingou,BJ,2022-05-08 22:50:58,10.3042,1.3796,76.26,74,84,6.71
128,Yarmouth,US,2022-05-08 22:50:59,41.7057,-70.2286,48.67,65,0,28.99
129,Snasa,NO,2022-05-08 22:50:59,64.2457,12.3778,35.44,93,99,4.29
130,Sioux Lookout,CA,2022-05-08 22:51:00,50.1001,-91.917,44.67,100,100,9.22
131,Bengkulu,ID,2022-05-08 22:49:23,-3.8004,102.2655,76.8,82,89,3.6
132,Hermanus,ZA,2022-05-08 22:51:00,-34.4187,19.2345,58.21,75,98,3.51
133,Saint-Francois,FR,2022-05-08 22:46:09,46.4154,3.9054,55.67,82,0,3.44
134,Zhanakorgan,KZ,2022-05-08 22:51:01,43.9098,67.2495,75.87,32,83,12.33
135,Haines Junction,CA,2022-05-08 22:51:02,60.7522,-137.5108,49.95,34,11,5.75
136,Mackenzie,CA,2022-05-08 22:51:03,55.2999,-123.1698,44.82,65,75,14.97
137,Torbay,CA,2022-05-08 22:52:03,47.6666,-52.7314,40.28,79,20,10.36
138,Vaini,TO,2022-05-08 22:52:04,-21.2,-175.2,78.96,69,20,9.22
139,Kismayo,SO,2022-05-08 22:52:05,-0.3582,42.5454,79.68,86,95,13.11
140,Hay River,CA,2022-05-08 22:52:05,60.8156,-115.7999,28.38,100,100,16.11
141,Port Hardy,CA,2022-05-08 22:52:06,50.6996,-127.4199,51.98,54,40,17.27
142,Toumodi,CI,2022-05-08 22:52:06,6.5613,-5.0158,75.31,93,93,1.86
143,Araouane,ML,2022-05-08 22:52:07,18.9048,-3.5265,82.65,6,0,12.03
144,Chokurdakh,RU,2022-05-08 22:52:07,70.6333,147.9167,18.55,86,69,9.69
145,New Norfolk,AU,2022-05-08 22:52:08,-42.7826,147.0587,45.72,85,32,2.77
146,Lata,PT,2022-05-08 22:52:08,40.1629,-8.3327,57.47,76,12,1.68
147,Cayenne,GF,2022-05-08 22:49:34,4.9333,-52.3333,81.09,1,20,2.3
148,Lincoln,US,2022-05-08 22:50:59,40.8,-96.667,71.56,83,100,6.91
149,Atar,MR,2022-05-08 22:52:10,20.5169,-13.0499,92.37,18,86,8.93
150,Baneh,IR,2022-05-08 22:52:10,35.9975,45.8853,41.22,79,2,3.42
151,Lima,PE,2022-05-08 22:50:19,-12.0432,-77.0282,66.45,57,0,10.36
152,Carutapera,BR,2022-05-08 22:52:11,-1.195,-46.02,74.57,95,99,1.59
153,Urengoy,RU,2022-05-08 22:52:12,65.9667,78.3667,33.55,99,100,12.26
154,Dom Pedrito,BR,2022-05-08 22:52:12,-30.9828,-54.6731,58.06,91,0,4.16
155,Boksburg,ZA,2022-05-08 22:52:13,-26.212,28.2596,49.91,75,12,6.87
156,Harper,LR,2022-05-08 22:52:13,4.375,-7.7169,79.34,85,100,3.89
157,Faanui,PF,2022-05-08 22:52:14,-16.4833,-151.75,82.44,75,5,12.37
158,Rio Grande,BR,2022-05-08 22:52:15,-32.035,-52.0986,60.94,84,0,9.69
159,Oda,JP,2022-05-08 22:52:15,35.1833,132.5,56.17,67,100,13.96
160,Kaitangata,NZ,2022-05-08 22:52:16,-46.2817,169.8464,53.85,88,91,2.53
161,Suntar,RU,2022-05-08 22:52:16,62.1444,117.6319,34.47,83,77,10.56
162,Sovetskiy,RU,2022-05-08 22:52:17,61.3614,63.5842,43.45,79,10,5.86
163,Jitra,MY,2022-05-08 22:52:17,6.2681,100.4217,76.91,100,20,2.3
164,Hasaki,JP,2022-05-08 22:51:10,35.7333,140.8333,61.29,56,100,11.74
165,Mahebourg,MU,2022-05-08 22:52:18,-20.4081,57.7,72.25,88,20,4.61
166,Kouango,CF,2022-05-08 22:52:19,4.9934,19.9619,75.18,80,100,1.81
167,Bonthe,SL,2022-05-08 22:52:20,7.5264,-12.505,78.37,84,100,5.14
168,Sitka,US,2022-05-08 22:52:20,57.0531,-135.33,53.49,62,20,20.71
169,Nalut,LY,2022-05-08 22:52:21,30.3333,10.85,64.67,45,0,11.32
170,Gandajika,CD,2022-05-08 22:52:21,-6.75,23.95,70.34,72,100,2.84
171,Alta Floresta,BR,2022-05-08 22:49:02,-9.8756,-56.0861,77.5,77,69,1.61
172,Kobelyaky,UA,2022-05-08 22:52:22,49.1489,34.1965,51.98,59,34,6.13
173,Yaan,NG,2022-05-08 22:52:23,7.3833,8.5667,80.98,73,85,9.17
174,Georgetown,MY,2022-05-08 22:50:13,5.4112,100.3354,82.33,92,20,5.99
175,Carauari,BR,2022-05-08 22:50:57,-4.8828,-66.8958,74.21,97,32,2.57
176,Geraldton,AU,2022-05-08 22:50:15,-28.7667,114.6,54.01,82,0,6.91
177,Kodiak,US,2022-05-08 22:52:24,57.79,-152.4072,49.51,40,0,18.41
178,Oranjemund,NA,2022-05-08 22:52:25,-28.55,16.4333,55.71,77,66,9.51
179,Melilla,ES,2022-05-08 22:52:25,35.2937,-2.9383,61.18,67,0,2.3
180,Nova Odesa,UA,2022-05-08 22:52:26,47.3078,31.7851,50.79,48,9,7.94
181,Kokoda,PG,2022-05-08 22:52:26,-8.8785,147.7407,83.34,70,67,4.63
182,Ust-Nera,RU,2022-05-08 22:52:27,64.5667,143.2,31.14,77,99,4.68
183,Bandarbeyla,SO,2022-05-08 22:52:27,9.4942,50.8122,82.22,84,12,9.37
184,Hithadhoo,MV,2022-05-08 22:53:28,-0.6,73.0833,79.75,87,100,20.15
185,Okhotsk,RU,2022-05-08 22:53:29,59.3833,143.3,37.11,79,32,2.71
186,Isla Mujeres,MX,2022-05-08 22:53:29,21.2311,-86.731,86.16,79,0,13.18
187,Hutchinson,US,2022-05-08 22:53:30,38.0608,-97.9298,88.03,57,48,3.0
188,Flinders,AU,2022-05-08 22:53:30,-34.5833,150.8552,59.18,88,92,5.99
189,Touros,BR,2022-05-08 22:53:16,-5.1989,-35.4608,79.59,83,100,14.07
190,Kavaratti,IN,2022-05-08 22:53:31,10.5669,72.642,85.44,66,98,15.66
191,Los Llanos De Aridane,ES,2022-05-08 22:53:32,28.6585,-17.9182,62.35,72,0,11.5
192,Alofi,NU,2022-05-08 22:50:41,-19.0595,-169.9187,75.09,94,84,10.36
193,Yorosso,ML,2022-05-08 22:53:33,12.3536,-4.7761,87.78,38,98,7.78
194,Sungaipenuh,ID,2022-05-08 22:53:33,-2.0833,101.3833,65.66,89,97,1.32
195,Barrow,US,2022-05-08 22:53:34,71.2906,-156.7887,29.95,86,60,9.51
196,Mingshui,CN,2022-05-08 22:53:34,36.7167,117.5,49.08,73,100,3.74
197,Ostrovnoy,RU,2022-05-08 22:53:35,68.0531,39.5131,26.28,79,41,8.9
198,Beloha,MG,2022-05-08 22:53:35,-25.1667,45.05,71.37,79,47,0.74
199,Zapolyarnyy,RU,2022-05-08 22:53:36,69.4154,30.8136,31.28,84,93,4.92
200,Ilulissat,GL,2022-05-08 22:53:37,69.2167,-51.1,17.62,87,4,2.77
201,Shenjiamen,CN,2022-05-08 22:53:37,29.9576,122.298,61.74,75,64,12.12
202,Tiksi,RU,2022-05-08 22:53:38,71.6872,128.8694,10.58,89,61,4.18
203,Hailar,CN,2022-05-08 22:53:38,49.2,119.7,57.87,20,19,20.78
204,Lahan,NP,2022-05-08 22:53:39,26.7296,86.4951,77.65,67,58,6.51
205,Yokadouma,CM,2022-05-08 22:53:40,3.5167,15.05,70.16,98,100,2.89
206,Bambanglipuro,ID,2022-05-08 22:53:40,-7.95,110.2833,77.68,89,100,2.64
207,Codrington,AU,2022-05-08 22:53:41,-38.2667,141.9667,50.47,81,64,6.17
208,Thinadhoo,MV,2022-05-08 22:53:41,0.5333,72.9333,83.64,78,100,16.89
209,Dikson,RU,2022-05-08 22:53:42,73.5069,80.5464,29.89,97,100,24.79
210,Hovd,MN,2022-05-08 22:53:43,48.0056,91.6419,32.11,53,41,5.35
211,Saint George,US,2022-05-08 22:53:43,37.1041,-113.5841,84.63,11,100,42.57
212,Souillac,MU,2022-05-08 22:53:44,-20.5167,57.5167,71.98,88,20,4.61
213,Safford,US,2022-05-08 22:53:44,32.834,-109.7076,87.12,12,2,28.63
214,Duxbury,US,2022-05-08 22:53:45,42.0418,-70.6723,50.4,63,0,18.99
215,Carlos Chagas,BR,2022-05-08 22:53:45,-17.7031,-40.7664,70.61,84,63,8.75
216,Charlottesville,US,2022-05-08 22:51:41,38.0293,-78.4767,54.41,72,100,8.32
217,Nishihara,JP,2022-05-08 22:53:46,26.1842,127.7558,76.28,94,75,8.05
218,Kolchugino,RU,2022-05-08 22:53:47,56.3,39.3833,43.9,94,100,7.96
219,Jardim,BR,2022-05-08 22:53:47,-21.4803,-56.1381,67.48,57,0,5.06
220,Ketchikan,US,2022-05-08 22:53:48,55.3422,-131.6461,51.78,61,97,5.01
221,Laguna,US,2022-05-08 22:53:48,38.421,-121.4238,67.01,32,40,9.22
222,Micomeseng,GQ,2022-05-08 22:53:49,2.1462,10.6164,70.92,98,100,0.43
223,Kruisfontein,ZA,2022-05-08 22:53:49,-34.0033,24.7314,53.69,71,80,4.27
224,Bayan,CN,2022-05-08 22:53:50,46.0833,127.4,56.14,33,0,10.11
225,Kirakira,SB,2022-05-08 22:53:51,-10.4544,161.9205,84.42,74,96,12.59
226,Port Elizabeth,ZA,2022-05-08 22:53:51,-33.918,25.5701,59.31,98,100,8.05
227,Lebu,CL,2022-05-08 22:53:52,-37.6167,-73.65,55.74,97,100,1.23
228,Sosva,RU,2022-05-08 22:53:52,59.1766,61.8558,43.95,74,30,5.26
229,Riyadh,SA,2022-05-08 22:50:04,24.6877,46.7219,77.14,24,0,7.87
230,Ciechanow,PL,2022-05-08 22:53:53,52.8814,20.62,49.41,95,34,8.05
231,Sorland,NO,2022-05-08 22:54:54,67.667,12.6934,40.86,83,100,15.64
232,Jishu,CN,2022-05-08 22:54:54,44.3167,126.8,55.02,31,0,8.55
233,Mamallapuram,IN,2022-05-08 22:54:55,12.6264,80.1722,86.05,73,100,5.1
234,Hazorasp,UZ,2022-05-08 22:54:56,41.3194,61.0742,69.64,66,99,9.01
235,Port Augusta,AU,2022-05-08 22:54:56,-32.5,137.7667,57.22,61,83,3.29
236,Nchelenge,ZM,2022-05-08 22:54:57,-9.3451,28.734,71.83,69,92,2.39
237,Caravelas,BR,2022-05-08 22:54:58,-17.7125,-39.2481,72.23,89,100,8.46
238,Coralville,US,2022-05-08 22:54:58,41.6764,-91.5805,71.1,75,100,13.24
239,Baie-Saint-Paul,CA,2022-05-08 22:54:59,47.4411,-70.4986,59.85,44,4,2.62
240,Kavieng,PG,2022-05-08 22:54:59,-2.5744,150.7967,85.05,67,98,17.74
241,Novaya Igirma,RU,2022-05-08 22:55:00,57.1334,103.9112,29.52,63,35,10.29
242,Coihaique,CL,2022-05-08 22:55:00,-45.5752,-72.0662,45.21,70,75,3.44
243,Ueckermunde,DE,2022-05-08 22:55:01,53.7379,14.0447,46.69,82,8,9.04
244,Cabo San Lucas,MX,2022-05-08 22:52:19,22.8909,-109.9124,88.61,57,96,15.9
245,Thai Binh,VN,2022-05-08 22:55:02,20.45,106.3333,75.38,94,97,5.21
246,Mogzon,RU,2022-05-08 22:55:02,51.7435,111.9606,35.92,91,100,13.0
247,Lahaina,US,2022-05-08 22:55:03,20.8783,-156.6825,83.44,74,10,8.32
248,Jumla,NP,2022-05-08 22:55:04,29.2747,82.1838,50.22,83,6,4.03
249,Tautira,PF,2022-05-08 22:55:05,-17.7333,-149.15,80.73,80,61,10.45
250,Bacolod,PH,2022-05-08 22:55:05,10.6667,122.95,81.9,74,88,10.67
251,Manaure,CO,2022-05-08 22:55:06,11.7751,-72.4445,86.47,61,39,8.79
252,Havelock,US,2022-05-08 22:55:06,34.8791,-76.9013,55.38,92,100,14.97
253,Gewane,ET,2022-05-08 22:55:07,10.1664,40.6453,84.13,32,21,4.0
254,Ribeira Grande,PT,2022-05-08 22:55:08,38.5167,-28.7,62.83,82,36,5.53
255,Greenville,US,2022-05-08 22:54:28,35.6127,-77.3663,50.16,94,100,10.36
256,Nanortalik,GL,2022-05-08 22:55:08,60.1432,-45.2371,37.08,89,100,1.03
257,Vostok,RU,2022-05-08 22:55:09,46.4856,135.8833,44.62,58,86,6.29
258,Pascagoula,US,2022-05-08 22:51:05,30.3658,-88.5561,88.56,65,0,6.91
259,Kununurra,AU,2022-05-08 22:55:10,-15.7667,128.7333,75.18,27,1,9.22
260,Rongcheng,CN,2022-05-08 22:55:10,30.634,117.8517,62.55,90,100,6.62
261,Najran,SA,2022-05-08 22:55:11,17.4924,44.1277,79.45,18,0,4.23
262,Kenscoff,HT,2022-05-08 22:55:12,18.4506,-72.2869,73.54,51,20,8.05
263,Lompoc,US,2022-05-08 22:55:12,34.6391,-120.4579,66.78,58,0,31.07
264,Znamenskoye,RU,2022-05-08 22:55:13,57.1281,73.8282,44.26,83,76,2.89
265,Galle,LK,2022-05-08 22:55:13,6.0367,80.217,81.5,86,98,16.4
266,Rockhampton,AU,2022-05-08 22:55:14,-23.3833,150.5,69.69,94,75,3.44
267,Show Low,US,2022-05-08 22:50:26,34.2542,-110.0298,72.61,14,0,32.21
268,Kieta,PG,2022-05-08 22:55:15,-6.2167,155.6333,83.19,76,56,3.47
269,Guerrero Negro,MX,2022-05-08 22:55:15,27.9769,-114.0611,65.05,62,0,23.0
270,Joao Neiva,BR,2022-05-08 22:55:16,-19.7575,-40.3856,70.77,83,53,6.33
271,Yeppoon,AU,2022-05-08 22:55:16,-23.1333,150.7333,69.58,81,100,12.01
272,Luderitz,NA,2022-05-08 22:55:17,-26.6481,15.1594,60.76,42,50,9.13
273,Gisborne,NZ,2022-05-08 22:55:17,-38.6533,178.0042,64.13,63,100,9.01
274,Aykhal,RU,2022-05-08 22:55:18,66.0,111.5,10.29,96,98,10.11
275,Roald,NO,2022-05-08 22:55:19,62.5833,6.1333,50.92,66,100,13.8
276,Todos Santos,MX,2022-05-08 22:56:19,23.45,-110.2167,73.38,61,91,9.78
277,Bozhou,CN,2022-05-08 22:56:20,33.8772,115.7703,58.37,37,100,10.33
278,Independence,US,2022-05-08 22:54:00,39.0911,-94.4155,75.11,60,100,8.05
279,Auki,SB,2022-05-08 22:56:20,-8.7676,160.7034,82.99,76,100,4.83
280,Solnechnyy,RU,2022-05-08 22:56:21,50.7214,136.6319,47.77,56,97,10.18
281,Laylay,PH,2022-05-08 22:56:22,13.4391,121.8202,81.1,81,21,6.06
282,Alushta,UA,2022-05-08 22:56:22,44.6667,34.4167,51.24,47,2,4.41
283,Villamontes,BO,2022-05-08 22:56:23,-21.25,-63.5,72.32,57,99,4.14
284,Jiangmen,CN,2022-05-08 22:56:23,22.5833,113.0833,74.98,81,99,0.63
285,Abu Samrah,SY,2022-05-08 22:56:24,35.3029,37.1841,59.92,55,7,3.85
286,Majene,ID,2022-05-08 22:56:25,-3.5403,118.9707,79.12,88,100,6.44
287,Hambantota,LK,2022-05-08 22:56:25,6.1241,81.1185,82.36,81,90,18.75
288,Cidreira,BR,2022-05-08 22:56:26,-30.1811,-50.2056,66.85,79,0,13.13
289,Levokumskoye,RU,2022-05-08 22:56:26,44.8219,44.6606,49.84,75,100,10.63
290,Vanimo,PG,2022-05-08 22:56:27,-2.6741,141.3028,82.85,79,100,6.46
291,Pacific Grove,US,2022-05-08 22:53:26,36.6177,-121.9166,61.56,64,75,14.0
292,Paranhos,BR,2022-05-08 22:56:28,-23.8928,-55.4311,60.42,79,0,5.82
293,Buala,SB,2022-05-08 22:56:29,-8.145,159.5921,83.7,79,96,10.33
294,Naze,JP,2022-05-08 22:56:29,28.3667,129.4833,70.72,89,92,6.24
295,Roblin,CA,2022-05-08 22:56:30,51.23,-101.3565,59.36,44,56,5.84
296,Ballina,AU,2022-05-08 22:54:04,-28.8667,153.5667,67.96,76,100,8.05
297,Sao Felix Do Xingu,BR,2022-05-08 22:56:31,-6.6447,-51.995,76.82,79,66,1.68
298,Rehoboth,NA,2022-05-08 22:56:31,-23.3167,17.0833,47.93,44,0,2.75
299,Kwinana,AU,2022-05-08 22:56:32,-32.25,115.7667,57.34,95,1,5.48
300,Mehamn,NO,2022-05-08 22:56:32,71.0357,27.8492,30.11,80,100,18.21
301,Rio Cuarto,AR,2022-05-08 22:56:33,-33.1307,-64.3499,71.37,53,0,5.75
302,Paoua,CF,2022-05-08 22:56:33,7.2427,16.4406,76.68,64,82,6.11
303,Te Anau,NZ,2022-05-08 22:56:34,-45.4167,167.7167,51.37,89,100,0.87
304,Tigil,RU,2022-05-08 22:56:34,57.8,158.6667,42.35,90,100,2.33
305,Leh,IN,2022-05-08 22:56:35,34.1667,77.5833,44.08,52,1,4.16
306,Altus,US,2022-05-08 22:56:36,34.6381,-99.334,107.11,5,0,5.75
307,Podares,MK,2022-05-08 22:56:36,41.6139,22.5422,51.21,81,96,3.09
308,Tateyama,JP,2022-05-08 22:56:37,34.9833,139.8667,59.09,82,75,12.66
309,Jalu,LY,2022-05-08 22:56:37,29.0331,21.5482,71.6,29,0,13.53
310,San Patricio,US,2022-05-08 22:56:38,28.017,-97.5169,88.52,59,1,20.31
311,Sambava,MG,2022-05-08 22:56:38,-14.2667,50.1667,73.78,91,17,7.65
312,Kahama,TZ,2022-05-08 22:56:39,-3.8333,32.6,67.3,71,99,2.51
313,Ust-Barguzin,RU,2022-05-08 22:56:39,53.45,108.9833,34.12,71,100,6.02
314,Marrakesh,MA,2022-05-08 22:51:51,31.6315,-8.0083,80.67,21,0,4.61
315,Raudeberg,NO,2022-05-08 22:56:40,61.9875,5.1352,46.96,49,100,21.5
316,Pontes E Lacerda,BR,2022-05-08 22:56:41,-15.2261,-59.3353,72.3,68,49,4.68
317,Amantea,IT,2022-05-08 22:56:41,39.1332,16.0746,59.16,80,94,8.5
318,Severo-Kurilsk,RU,2022-05-08 22:56:42,50.6789,156.125,38.39,96,100,16.6
319,Atbasar,KZ,2022-05-08 22:56:43,51.8,68.3333,45.5,45,56,10.58
320,Dali,CN,2022-05-08 22:56:43,25.7,100.1833,57.45,92,29,4.76
321,Pavlovka,RU,2022-05-08 22:56:44,52.6897,47.1405,45.32,57,52,2.68
322,Alto Araguaia,BR,2022-05-08 22:53:11,-17.3147,-53.2153,68.05,51,0,3.58
323,Poum,NC,2022-05-08 22:57:45,-20.2333,164.0167,77.38,62,100,20.54
324,Humberto De Campos,BR,2022-05-08 22:57:45,-2.5983,-43.4611,75.38,94,100,0.83
325,Sergiyevsk,RU,2022-05-08 22:57:46,53.9413,51.165,47.07,56,86,3.04
326,Haverfordwest,GB,2022-05-08 22:57:46,51.8017,-4.9691,51.06,94,84,1.99
327,Kitimat,CA,2022-05-08 22:57:47,54.0524,-128.6534,55.78,58,100,1.01
328,Pisco,PE,2022-05-08 22:57:47,-13.7,-76.2167,68.05,77,0,20.71
329,Grand Gaube,MU,2022-05-08 22:55:09,-20.0064,57.6608,72.37,80,3,1.99
330,Sarahan,IN,2022-05-08 22:57:48,31.5167,77.8,54.95,53,6,6.6
331,Maracacume,BR,2022-05-08 22:57:49,-2.0428,-45.9592,72.93,98,100,1.92
332,Sobolevo,RU,2022-05-08 22:57:49,54.4299,31.8996,39.11,79,84,7.09
333,Rizhao,CN,2022-05-08 22:57:50,35.4275,119.4553,51.24,69,90,9.31
334,Korla,CN,2022-05-08 22:57:51,41.7597,86.1469,65.07,50,0,5.35
335,Klaksvik,FO,2022-05-08 22:57:51,62.2266,-6.589,49.12,98,100,19.89
336,Uvira,CD,2022-05-08 22:57:52,-3.4067,29.1458,72.0,86,84,3.49
337,Pahrump,US,2022-05-08 22:57:17,36.2083,-115.9839,78.94,11,1,13.0
338,Longyearbyen,SJ,2022-05-08 22:57:52,78.2186,15.6401,15.64,62,75,16.11
339,Joshimath,IN,2022-05-08 22:57:53,30.5667,79.5667,59.2,54,4,5.28
340,Esperance,AU,2022-05-08 22:57:54,-33.8667,121.9,53.44,50,1,8.37
341,Isangel,VU,2022-05-08 22:57:54,-19.55,169.2667,78.1,64,30,16.17
342,Akdepe,TM,2022-05-08 22:57:55,42.0551,59.3788,69.89,65,81,7.11
343,Campechuela,CU,2022-05-08 22:57:56,20.2342,-77.2789,82.35,67,6,10.92
344,Tazovskiy,RU,2022-05-08 22:57:56,67.4667,78.7,33.03,99,100,13.76
345,Dzilam Gonzalez,MX,2022-05-08 22:57:57,21.2833,-88.9333,89.53,55,0,11.56
346,Reconquista,AR,2022-05-08 22:57:57,-29.15,-59.65,60.62,68,50,5.84
347,Axim,GH,2022-05-08 22:57:58,4.8699,-2.2405,80.49,84,89,9.24
348,Damghan,IR,2022-05-08 22:57:59,36.1683,54.348,57.85,58,2,9.06
349,Mahajanga,MG,2022-05-08 22:57:59,-15.7167,46.3167,77.02,88,20,1.14
350,Sandwick,GB,2022-05-08 22:58:00,60.0,-1.25,48.02,87,0,19.57
351,Chuncheng,CN,2022-05-08 22:58:01,22.1731,111.7886,71.8,91,100,1.68
352,Pemangkat,ID,2022-05-08 22:58:01,1.1667,108.9667,78.37,85,100,6.33
353,Sao Sebastiao,BR,2022-05-08 22:58:02,-23.76,-45.4097,68.9,90,85,5.73
354,Syamzha,RU,2022-05-08 22:58:02,60.0158,41.0614,39.24,95,100,7.61
355,Jacksonville Beach,US,2022-05-08 22:58:03,30.2947,-81.3931,76.05,75,75,13.8
356,Salto,UY,2022-05-08 22:56:26,-31.3833,-57.9667,63.88,87,69,3.71
357,Zhaozhou,CN,2022-05-08 22:58:04,45.6833,125.3167,58.98,23,0,9.01
358,Boa Esperanca,BR,2022-05-08 22:58:04,-21.09,-45.5658,67.03,72,46,4.47
359,Necochea,AR,2022-05-08 22:58:05,-38.5473,-58.7368,63.21,74,29,7.92
360,Eureka,US,2022-05-08 22:57:28,40.8021,-124.1637,51.21,71,88,5.99
361,Lulea,SE,2022-05-08 22:58:06,65.5842,22.1547,33.87,64,53,0.0
362,Fugen,AT,2022-05-08 22:58:06,47.35,11.85,57.4,76,100,0.69
363,Sur,OM,2022-05-08 22:58:07,22.5667,59.5289,87.55,37,0,11.07
364,Pochutla,MX,2022-05-08 22:58:08,15.7432,-96.4661,87.82,49,63,7.27
365,Kouqian,CN,2022-05-08 22:59:08,43.6391,126.4578,56.21,30,0,4.9
366,Aktash,RU,2022-05-08 22:59:09,50.3,87.7333,16.9,89,32,1.41
367,Namatanai,PG,2022-05-08 22:59:10,-3.6667,152.4333,84.34,73,98,12.88
368,Brodokalmak,RU,2022-05-08 22:59:10,55.5748,62.082,47.3,41,97,6.85
369,Alugan,PH,2022-05-08 22:59:11,12.2188,125.4808,81.45,79,68,9.51
370,Nome,US,2022-05-08 22:59:12,64.5011,-165.4064,33.17,93,100,19.57
371,Mandalgovi,MN,2022-05-08 22:59:12,45.7625,106.2708,40.89,75,44,27.69
372,Namibe,AO,2022-05-08 22:59:13,-15.1961,12.1522,73.45,59,0,8.79
373,Monreal,PH,2022-05-08 22:59:13,12.644,123.6648,81.34,79,47,8.03
374,Avera,US,2022-05-08 22:59:14,33.194,-82.5271,69.31,53,70,4.92
375,Akyab,MM,2022-05-08 22:59:14,20.15,92.9,78.64,89,100,10.2
376,Coquimbo,CL,2022-05-08 22:59:15,-29.9533,-71.3436,60.53,72,0,4.61
377,Vallenar,CL,2022-05-08 22:59:16,-28.5708,-70.7581,59.4,66,83,3.15
378,Half Moon Bay,US,2022-05-08 22:59:16,37.4636,-122.4286,61.88,59,0,13.8
379,Segovia,ES,2022-05-08 22:59:17,41.1667,-4.0,52.39,58,1,3.8
380,Bilma,NE,2022-05-08 22:59:18,18.6853,12.9164,92.07,11,95,1.12
381,Jasper,US,2022-05-08 22:59:01,37.2001,-94.3502,80.87,59,88,1.99
382,Tupik,RU,2022-05-08 22:59:18,54.4253,119.9327,54.84,37,99,3.67
383,Mabama,TZ,2022-05-08 22:59:19,-5.1333,32.5333,68.94,71,100,2.64
384,Alekseyevsk,RU,2022-05-08 22:59:19,57.8406,108.3492,30.58,70,98,11.05
385,Palmer,US,2022-05-08 22:59:20,42.1584,-72.3287,54.59,31,100,5.99
386,Hirara,JP,2022-05-08 22:59:21,24.8,125.2833,76.86,94,75,10.36
387,Opuwo,NA,2022-05-08 22:59:21,-18.0607,13.84,63.36,43,0,3.02
388,Salekhard,RU,2022-05-08 22:59:22,66.53,66.6019,34.57,100,100,7.65
389,Vila Franca Do Campo,PT,2022-05-08 22:59:22,37.7167,-25.4333,64.2,84,82,2.51
390,Grand-Santi,GF,2022-05-08 22:59:23,4.25,-54.3833,74.75,96,29,2.37
391,Florence,IT,2022-05-08 22:56:31,43.7667,11.25,64.08,68,0,4.61
392,Husavik,IS,2022-05-08 22:59:24,66.0449,-17.3389,41.65,91,99,5.03
393,Chuy,UY,2022-05-08 22:59:24,-33.6971,-53.4616,58.39,82,2,4.99
394,Gizo,SB,2022-05-08 22:59:25,-8.103,156.8419,84.22,73,85,7.0
395,Puerto Wilches,CO,2022-05-08 22:59:25,7.3483,-73.896,91.96,81,27,2.28
396,Oshikango,NA,2022-05-08 22:59:26,-17.4,15.8833,68.5,31,0,4.99
397,Esna,EG,2022-05-08 22:59:26,25.2934,32.554,84.22,15,72,2.13
398,Livingstonia,MW,2022-05-08 22:59:27,-10.606,34.1063,61.29,80,11,2.86
399,Santa Cruz,BO,2022-05-08 22:59:28,-17.8,-63.1667,80.65,54,40,13.8
400,Sumbe,AO,2022-05-08 22:59:28,-11.2061,13.8437,75.92,90,16,8.43
401,Srednekolymsk,RU,2022-05-08 22:59:29,67.45,153.6833,33.33,92,34,8.16
402,Mareeba,AU,2022-05-08 22:59:29,-17.0,145.4333,73.44,94,24,9.95
403,Comodoro Rivadavia,AR,2022-05-08 22:59:30,-45.8667,-67.5,58.86,29,0,8.05
404,Orlik,RU,2022-05-08 22:59:31,52.5178,99.825,25.77,55,100,5.84
405,Erzurum,TR,2022-05-08 22:59:31,40.0,41.5,40.68,82,40,2.3
406,Payo,ID,2022-05-08 22:59:32,-3.7508,103.6372,73.26,85,97,1.66
407,Domoni,KM,2022-05-08 22:59:32,-12.2569,44.5319,79.48,82,38,7.56
408,Port Lincoln,AU,2022-05-08 22:59:33,-34.7333,135.8667,58.98,71,99,6.87
409,Tasiilaq,GL,2022-05-08 22:59:33,65.6145,-37.6368,31.48,71,99,2.19
410,Diamantino,BR,2022-05-08 22:59:34,-14.4086,-56.4461,74.12,52,21,3.02
411,Kahului,US,2022-05-08 22:59:34,20.8947,-156.47,82.85,74,18,11.99
412,Xining,CN,2022-05-08 23:00:35,36.6167,101.7667,46.04,77,1,2.39
413,Palauig,PH,2022-05-08 23:00:36,15.435,119.9045,83.26,63,32,3.6
414,Solenzo,BF,2022-05-08 23:00:36,12.1833,-4.0833,91.6,32,79,7.11
415,Develi,TR,2022-05-08 23:00:37,38.3906,35.4922,40.35,78,81,0.94
416,Gamba,GA,2022-05-08 23:00:38,-2.65,10.0,77.52,91,80,3.83
417,Aripuana,BR,2022-05-08 23:00:38,-9.1667,-60.6333,75.18,95,49,2.62
418,Olafsvik,IS,2022-05-08 23:00:39,64.8945,-23.7142,43.65,92,100,17.83
419,Lagoa,PT,2022-05-08 23:00:39,39.05,-27.9833,61.52,83,61,9.53
420,Coahuayana,MX,2022-05-08 23:00:40,18.7333,-103.6833,84.42,54,10,7.23
421,Rocha,UY,2022-05-08 23:00:40,-34.4833,-54.3333,56.37,84,0,5.3
422,Potsdam,DE,2022-05-08 23:00:41,52.3989,13.0657,53.19,67,2,1.01
423,Kushima,JP,2022-05-08 23:00:42,31.4583,131.2333,67.26,89,100,2.53
424,Soc Trang,VN,2022-05-08 23:00:43,9.6033,105.98,77.99,89,99,10.94
425,Turayf,SA,2022-05-08 23:00:43,31.6725,38.6637,62.19,24,0,6.35
426,Tartagal,AR,2022-05-08 23:00:44,-22.5164,-63.8013,67.19,69,97,5.5
427,Booue,GA,2022-05-08 23:00:44,-0.0921,11.9385,74.08,97,86,1.21
428,Campo Maior,BR,2022-05-08 23:00:45,-4.8278,-42.1686,77.41,84,100,4.18
429,Libreville,GA,2022-05-08 23:00:45,0.3925,9.4537,79.88,84,100,4.45
430,Fukue,JP,2022-05-08 23:00:46,32.6881,128.8419,63.36,70,54,22.37
431,Maracaju,BR,2022-05-08 22:57:30,-21.6144,-55.1683,65.34,63,1,7.11
432,Svetlyy,RU,2022-05-08 23:00:47,54.675,20.1347,48.25,67,86,10.58
433,Ahipara,NZ,2022-05-08 23:00:47,-35.1667,173.1667,66.49,75,98,11.23
434,Dubai,AE,2022-05-08 22:58:51,25.2582,55.3047,86.25,48,0,5.75
435,Mersin,TR,2022-05-08 23:00:20,36.862,34.6509,63.37,65,95,3.24
436,Puerto Madryn,AR,2022-05-08 23:00:48,-42.7692,-65.0385,60.4,36,41,7.72
437,College,US,2022-05-08 23:00:49,64.8569,-147.8028,46.09,52,100,5.99
438,Gold Coast,AU,2022-05-08 22:57:45,-28.0,153.4333,65.89,94,100,11.5
439,Siedlce,PL,2022-05-08 23:00:50,52.1677,22.2901,45.55,94,41,7.83
440,General Pico,AR,2022-05-08 23:00:50,-35.6566,-63.7568,67.48,52,100,5.1
441,Hervey Bay,AU,2022-05-08 23:00:51,-25.2986,152.8535,72.01,82,100,9.22
442,Bodden Town,KY,2022-05-08 23:00:51,19.2833,-81.25,84.99,72,4,7.0
443,Kedrovyy,RU,2022-05-08 23:00:52,56.1667,91.8167,19.81,61,29,3.71
444,Nukus,UZ,2022-05-08 23:00:52,42.4531,59.6103,67.98,77,0,4.61
445,Banff,CA,2022-05-08 23:00:29,51.1762,-115.5698,33.49,56,100,1.68
446,Okakarara,NA,2022-05-08 23:00:53,-20.5833,17.4333,55.02,37,0,4.65
447,Vila Velha,BR,2022-05-08 23:00:54,-20.3297,-40.2925,72.66,82,1,12.55
448,Imbituba,BR,2022-05-08 23:00:55,-28.24,-48.6703,63.27,81,0,8.55
449,Ambilobe,MG,2022-05-08 23:00:56,-13.2,49.05,71.65,94,18,3.42
450,Kurilsk,RU,2022-05-08 23:00:56,45.2333,147.8833,43.65,63,3,11.23
451,Esmeraldas,BR,2022-05-08 23:00:57,-19.7625,-44.3139,64.89,78,45,5.79
452,Faya,SA,2022-05-08 23:00:57,18.3851,42.4509,68.59,54,1,1.12
453,Minab,IR,2022-05-08 23:00:58,27.1467,57.0801,84.7,39,0,5.3
454,San Jose,US,2022-05-08 23:00:59,37.3394,-121.895,62.49,42,40,21.85
455,Port Moresby,PG,2022-05-08 23:00:18,-9.4431,147.1797,83.43,74,37,1.21
456,Iskateley,RU,2022-05-08 23:01:59,67.6803,53.1512,28.47,95,100,7.56
457,Strezhevoy,RU,2022-05-08 23:02:00,60.7333,77.5889,34.54,85,55,5.55
458,Bagdarin,RU,2022-05-08 23:02:01,54.4333,113.6,36.63,72,100,6.85
459,Zamora,EC,2022-05-08 22:59:22,-4.0692,-78.9567,83.44,98,96,1.28
460,Tetelzingo,MX,2022-05-08 23:02:02,19.0667,-97.15,72.9,37,65,6.89
461,Chipinge,ZW,2022-05-08 23:02:02,-20.1883,32.6236,62.06,73,39,3.91
462,Apache Junction,US,2022-05-08 23:02:03,33.4151,-111.5496,95.11,9,0,23.02
463,Oriximina,BR,2022-05-08 23:02:03,-1.7656,-55.8661,74.93,95,85,2.84
464,Seoul,KR,2022-05-08 22:58:47,37.5683,126.9778,54.97,79,0,4.61
465,Howard Springs,AU,2022-05-08 23:02:04,-12.497,131.047,77.88,58,2,9.62
466,Nioro,GM,2022-05-08 23:02:05,13.35,-15.75,79.7,51,13,8.66
467,Shwebo,MM,2022-05-08 23:02:05,22.5667,95.7,76.64,87,100,4.47
468,Roma,US,2022-05-08 23:02:06,43.2128,-75.4557,62.74,23,0,10.36
469,Nizwa,OM,2022-05-08 23:02:06,22.9333,57.5333,81.73,28,0,1.14
470,Auch,FR,2022-05-08 23:02:07,43.65,0.5833,59.88,68,30,3.0
471,Visby,SE,2022-05-08 23:02:08,57.6409,18.296,35.82,87,14,8.05
472,Milos,GR,2022-05-08 23:02:09,36.75,24.4333,60.24,75,100,15.79
473,Yerbogachen,RU,2022-05-08 23:02:09,61.2767,108.0108,27.88,78,100,11.12
474,Darovskoy,RU,2022-05-08 23:02:10,58.77,47.9564,47.95,71,58,9.37
475,Vrangel,RU,2022-05-08 23:02:12,42.7297,133.0839,49.37,51,16,6.96
476,Gat,IL,2022-05-08 23:02:13,31.61,34.7642,65.39,37,4,5.14
477,Narsaq,GL,2022-05-08 23:02:13,60.9167,-46.05,50.22,81,88,3.18
478,Marawi,PH,2022-05-08 23:02:14,7.9986,124.2928,72.73,91,97,1.52
479,Kumi,KR,2022-05-08 23:02:14,36.1136,128.336,56.75,84,100,0.74
480,Havre-Saint-Pierre,CA,2022-05-08 23:02:15,50.2334,-63.5986,39.51,79,17,14.88
481,Laem Sing,TH,2022-05-08 23:02:15,12.4816,102.0738,83.14,100,100,3.27
482,Berlevag,NO,2022-05-08 23:02:16,70.8578,29.0864,30.15,80,100,20.71
483,Manyana,BW,2022-05-08 23:02:17,-23.4,21.7167,49.12,32,0,7.78
484,La Baule-Escoublac,FR,2022-05-08 23:02:17,47.2922,-2.364,60.46,87,0,6.91
485,Antofagasta,CL,2022-05-08 23:00:02,-23.65,-70.4,59.38,91,8,5.61
486,Riachao,BR,2022-05-08 23:02:18,-7.3619,-46.6172,75.22,61,94,0.76
487,Port-Gentil,GA,2022-05-08 23:02:19,-0.7193,8.7815,82.36,83,40,6.91
488,Chakradharpur,IN,2022-05-08 23:02:20,22.7,85.6333,78.08,74,6,2.06
489,Vardo,NO,2022-05-08 23:02:20,70.3705,31.1107,28.38,80,75,17.27
490,Baykit,RU,2022-05-08 23:02:21,61.67,96.37,24.82,88,96,3.0
491,Teguise,ES,2022-05-08 23:02:21,29.0605,-13.564,64.62,77,0,18.41
492,Verkhnyaya Inta,RU,2022-05-08 23:02:22,65.9811,60.3094,46.18,72,100,13.78
493,Kastamonu,TR,2022-05-08 23:02:22,41.5,33.6667,38.23,90,0,1.36
494,Bekhtery,UA,2022-05-08 23:02:23,46.251,32.2927,50.94,59,0,4.16
495,Natal,BR,2022-05-08 23:02:24,-5.795,-35.2094,79.45,89,40,5.75
496,Amarante Do Maranhao,BR,2022-05-08 23:02:24,-5.5667,-46.7422,75.31,67,100,0.58
497,Teya,RU,2022-05-08 23:02:25,60.3778,92.6267,23.67,92,99,6.04
498,Vilhena,BR,2022-05-08 23:02:25,-12.7406,-60.1458,73.17,65,54,2.17
499,Port Hedland,AU,2022-05-08 23:02:26,-20.3167,118.5667,71.65,35,91,10.36
500,Papara,BR,2022-05-08 23:02:26,-3.9839,-38.7273,77.68,94,100,2.51
501,Talcahuano,CL,2022-05-08 23:00:16,-36.7167,-73.1167,54.68,95,100,3.29
502,Port Blair,IN,2022-05-08 23:03:27,11.6667,92.75,83.05,81,98,16.6
503,Annau,TM,2022-05-08 23:03:28,37.8876,58.516,65.48,79,100,10.92
504,Osa,RU,2022-05-08 23:03:28,57.2829,55.4567,44.53,73,5,4.43
505,Prado,BR,2022-05-08 23:03:29,-17.3411,-39.2208,72.32,90,100,8.61
506,Vanavara,RU,2022-05-08 23:03:30,60.34,102.2797,25.47,88,100,9.73
507,Komsomolskiy,UZ,2022-05-08 23:03:30,40.4272,71.7189,73.06,35,0,3.15
508,Mendoza,AR,2022-05-08 23:03:31,-32.8908,-68.8272,63.32,50,88,4.56
509,Hohhot,CN,2022-05-08 23:03:32,40.8106,111.6522,53.82,64,96,3.69
510,Greenwood,US,2022-05-08 23:00:19,34.1668,-82.1165,65.8,65,87,6.71
511,Esso,RU,2022-05-08 23:03:32,55.9333,158.7,42.19,100,100,5.44
512,Patamundai,IN,2022-05-08 23:03:33,20.5667,86.5667,81.57,80,100,2.95
513,Puerto Escondido,MX,2022-05-08 23:03:33,15.85,-97.0667,86.83,66,40,5.75
514,Topola,RS,2022-05-08 23:03:34,44.2542,20.6825,51.57,47,99,3.42
515,Constitucion,CL,2022-05-08 23:00:56,-35.3333,-72.4167,53.56,94,96,6.53
516,Oktyabrskoye,RU,2022-05-08 23:03:35,43.0645,44.7417,46.54,87,100,6.71
517,Sydney,AU,2022-05-08 23:00:31,-33.8679,151.2073,60.31,84,75,16.11
518,Verkh-Usugli,RU,2022-05-08 23:03:36,52.7,115.1667,46.63,66,100,8.9
519,Valparaiso,CL,2022-05-08 23:00:23,-33.0393,-71.6273,57.47,80,85,5.19
520,Safaga,EG,2022-05-08 23:03:37,26.7292,33.9365,80.06,33,95,5.53
521,Townsville,AU,2022-05-08 23:00:00,-19.25,146.8,74.28,83,75,5.75
522,Novobirilyussy,RU,2022-05-08 23:03:37,56.9514,90.6661,28.89,57,2,4.23
523,Wanning,CN,2022-05-08 23:03:38,18.8003,110.3967,77.13,87,100,2.89
524,Umm Kaddadah,SD,2022-05-08 23:03:38,13.6017,26.6876,81.41,7,48,12.93
525,Severo-Yeniseyskiy,RU,2022-05-08 23:03:39,60.3725,93.0408,19.92,95,98,6.87
526,Atambua,ID,2022-05-08 23:03:40,-9.1061,124.8925,75.42,79,24,8.95
527,Bud,US,2022-05-08 23:03:40,39.447,-86.1758,69.82,45,78,11.39
528,Ishigaki,JP,2022-05-08 23:03:41,24.3448,124.1572,77.13,94,100,6.91
529,Cordele,US,2022-05-08 23:03:41,31.9635,-83.7824,77.52,53,75,5.75
530,Mahibadhoo,MV,2022-05-08 23:03:42,3.7833,72.9667,83.75,78,100,18.79
531,Zhigansk,RU,2022-05-08 23:03:42,66.7697,123.3711,18.25,91,100,24.4
532,Tongchuan,CN,2022-05-08 23:03:43,35.0806,109.0897,51.24,96,100,2.62
533,Viradouro,BR,2022-05-08 23:03:43,-20.8731,-48.2969,70.59,72,70,2.1
534,Lorengau,PG,2022-05-08 23:01:22,-2.0226,147.2712,85.46,69,58,16.44
535,Antsohihy,MG,2022-05-08 23:03:44,-14.8796,47.9875,73.31,94,32,2.77
536,San Cristobal,VE,2022-05-08 23:03:45,7.7669,-72.225,70.45,91,79,4.14
537,Jacqueville,CI,2022-05-08 23:03:45,5.2052,-4.4146,81.57,81,100,12.28
538,Forio,IT,2022-05-08 23:03:46,40.7342,13.8646,62.82,84,90,4.0
539,Izumo,JP,2022-05-08 23:03:46,35.3667,132.7667,58.41,66,100,13.02
540,Broome,US,2022-05-08 23:03:47,42.2506,-75.833,61.57,27,0,10.36
541,Cap-Aux-Meules,CA,2022-05-08 23:03:48,47.3821,-61.8597,38.59,76,0,10.27
542,Byron Bay,AU,2022-05-08 23:03:49,-28.65,153.6167,61.72,73,100,11.83
543,Channel-Port Aux Basques,CA,2022-05-08 23:03:49,47.5702,-59.1367,37.38,73,0,11.1
544,Osakarovka,KZ,2022-05-08 23:03:50,50.565,72.5692,40.93,43,10,10.13
545,Qasigiannguit,GL,2022-05-08 23:03:50,68.8193,-51.1922,28.65,87,4,2.66
546,Linjiang,CN,2022-05-08 23:04:51,41.8069,126.9078,52.61,41,0,0.51
547,Quatre Cocos,MU,2022-05-08 23:04:51,-20.2078,57.7625,72.09,87,26,7.9
548,Bahia Blanca,AR,2022-05-08 23:00:12,-38.7196,-62.2724,66.16,48,39,7.36
549,Aksarka,RU,2022-05-08 23:04:52,66.5606,67.7975,35.42,100,100,10.69
550,Burns Lake,CA,2022-05-08 23:00:29,54.2331,-125.7533,46.44,57,100,8.32
551,Methoni,GR,2022-05-08 23:04:53,36.8197,21.7049,55.26,73,13,5.66
552,Lasa,IT,2022-05-08 23:04:54,46.6166,10.7002,49.37,97,99,1.05
553,Amapa,BR,2022-05-08 23:04:54,1.0,-52.0,72.0,98,98,3.6
554,Miles City,US,2022-05-08 23:01:50,46.4083,-105.8406,47.37,81,100,6.91
555,Hamilton,US,2022-05-08 23:02:07,39.1834,-84.5333,69.44,51,35,4.0
556,Boende,CD,2022-05-08 23:04:55,-0.2167,20.8667,72.25,89,100,2.08
557,Juneau,US,2022-05-08 23:02:18,58.3019,-134.4197,53.1,100,29,6.71
558,Wrzesnia,PL,2022-05-08 23:04:56,52.3251,17.5652,49.55,92,13,9.35
559,Gorontalo,ID,2022-05-08 23:04:57,0.5412,123.0595,79.21,89,100,1.39
560,Marfino,RU,2022-05-08 23:04:57,55.7028,37.3822,46.35,70,0,13.42
561,Chokwe,MZ,2022-05-08 23:04:58,-24.5333,32.9833,64.45,93,69,6.51
562,Ipixuna,BR,2022-05-08 23:04:58,-1.7625,-48.8043,74.55,98,100,2.57
563,Izhma,RU,2022-05-08 23:04:59,65.0083,53.9113,46.83,79,92,9.66
564,San Andres,CO,2022-05-08 23:02:03,12.5847,-81.7006,82.67,77,25,6.29
565,Impfondo,CG,2022-05-08 23:02:19,1.6381,18.0667,74.26,83,88,2.48
566,Jiuquan,CN,2022-05-08 23:05:00,39.7432,98.5174,59.38,33,43,9.28
567,Mount Gambier,AU,2022-05-08 23:05:00,-37.8333,140.7667,49.77,76,82,4.32
568,Queanbeyan,AU,2022-05-08 23:05:01,-35.35,149.2333,54.61,82,75,5.75
569,Dhidhdhoo,MV,2022-05-08 23:05:01,6.8833,73.1,84.9,69,95,17.65
570,Boromo,BF,2022-05-08 23:05:02,11.75,-2.9333,92.14,33,20,4.61
571,Zyryanka,RU,2022-05-08 23:05:03,65.75,150.85,37.45,68,25,20.42
572,Bazaliya,UA,2022-05-08 23:05:03,49.7127,26.4733,56.86,60,100,5.21
573,Harrismith,ZA,2022-05-08 23:05:04,-28.2728,29.1295,42.24,91,68,0.92
574,Norsup,VU,2022-05-08 23:05:04,-16.0667,167.3833,80.78,61,6,13.49
575,Ormara,PK,2022-05-08 23:05:05,25.2088,64.6357,80.87,82,0,11.1
576,Londoko,RU,2022-05-08 23:05:06,49.0333,131.9833,54.19,33,6,5.7
577,Grand Forks,US,2022-05-08 23:05:07,47.9417,-97.4337,66.13,63,75,13.8
578,Abong Mbang,CM,2022-05-08 23:05:07,3.9833,13.1833,68.74,98,99,2.98
579,Portland,US,2022-05-08 23:03:11,45.5234,-122.6762,52.23,80,0,5.75
